document_id,clean text,sentiment
0,introduction statistical natural language processing snlp field lying intersection natural language processing machine learning snlp di er traditional natural language processing instead linguist manually construct model given linguistic,positive
1,the paper summarizes essential property document retrieval review conventional practice research finding latter suggesting simple statistical technique effective it considers new opportunity challenge presented ability search full,positive
2,abstract language way communicating word language help understanding world get better insight world language help speaker vague precise like nlp stand natural language processing natural language language spoken,positive
3,we report experiment use standard natural language processing nlp tool analysis music lyric a significant amount music audio lyric lyric encode important part semantics song therefore analysis complement acoustic cultural metada,positive
4,paper describe simple rule based approach automated learning linguistic knowledge this approach shown number task capture information clearer direct fashion without compromise performance we present detailed case study learni,positive
5,this paper focus connectionist model natural language processing we briefly present discus several aspect high level task recently approached connectionism either localist parallel distributed processing model several interesting architecture,positive
6,abstract the article explores possibility construct unified word feature component feature letter each letter modeled different attractor finally embedded quadratic iterated map the result word feature account meaning extraction pr,positive
7,paper see schank theoretical discussion ka leake owen brief discussion program built around principle goal simply point interest natural language processing led u naturally indeed inevitably de,positive
8,objective to provide overview tutorial natural language processing nlp modern nlp system design target audience this tutorial target medical informatics generalist limited acquaintance principle behind nlp limited knowledge current state,positive
9,this paper briefly describes current implementation status intelligent information retrieval system marie employ natural language processing technique descriptive caption used iden tify photographic image concerning various military project the caption parsed,positive
10,abstract metabolism machinery life signal transduction provides regulatory mechanism control machinery due complexity signal transduction pathway computational approach needed aid biologist integrating available knowledge formulatio,positive
11,this report present detailed analysis review nlp evaluation principle practice part examines evaluation concept establishes framework nlp system evaluation this make use experience related area information retrieval analysis also refers ev,positive
12,web emerged important source information world this resulted need automated software component analyze web page harvest useful information however typical web page informative content surrounded high degree noise,positive
13,abstract natural language processing theoretically motivated range computational technique analysing representing naturally occurring text one level linguistic analysis purpose achieving human like language processing range task application,positive
14,this paper review process involved natural language processing nlp it demonstrates various kind choice need taken execution word morphology syntactic text analysis text generation component it compare time complexity traditional,positive
15,this article focus derivation large lexicon natural language processing we describe development dictionary support environment linking restructured version longman dictionary contemporary english natural language processing system the process restruc,positive
16,we introduce method analyzing complexity natural language processing task predicting difficulty new nlp task our complexity measure derived kolmogorov complexity class automaton meaning automaton whose purpose extract relevant piece infor,negative
17,deep learning emerged new area machine learning research it try mimic human brain capable processing learning complex input data solving different kind complicated task well it successfully applied several field image,neutral
18,this author produced version paper published the,neutral
19,abstract natural language processing nlp application automated parsing machine learning technique analyze standard text application nlp requirement engineering include extraction ontology requirement specification use nlp verify consistency,positive
20,information retrieval address problem finding document whose content match user aposs request among large collection document currently successful general purpose retrieval method statistical method treat text little bag w,negative
21,work computational linguistics began soon development first computer booth brandwood cleave yet intervening four decade pervasive feeling progress computer understanding natural language commensurate progres,positive
22,abstract a system recognizes authenticates voice user extracting distinct feature voice sample usually termed voice recognition system voice identification carried converting human voice digital data the digitized audio sample unde,positive
23,abstract testing natural language requirement standard approach system acceptance testing this test often performed independent test organization unfamiliar application area the thing tester go written requirement so,positive
24,applying natural language processing technique biomedical text potential aid curation become focus intensive research however developing integrated system address curator real world need studied le rigorously this paper address question,positive
25,algorithm allow understanding generation humor there general aim modeling humor provide u lot information cognitive ability general reasoning remembering understanding situation understanding conversati,positive
26,abstract many information retrieval ir system retrieve relevant document based exact matching keywords query document this method degrades precision rate in order solve problem collected semantically related word assigned semantic relationship used gener,positive
27,in recent year machine learning ml used solve complex task different discipline ranging data mining information,positive
28,we argue manual automatic thesaurus alternative resource nlp task this involves radical step interpreting manual thesaurus classification word rather word sens case made the range role thesaurus within nlp briefly,negative
29,introduction pattern music object intensive study past year one purpose analyzing musical structure form discover pattern explicit implicit musical work simon pattern comprise periodicity make use alphabet,positive
30,abstract many information retrieval ir system retrieve relevant document based exact matching keywords query document this method degrades precision rate in order solve problem collected semantically related word assigned semantic relationship used gener,negative
31,paper argue questionanswering qa technical domain distinctly different trec based qa web based qa cannot benefit lom data intensive approach,negative
32,universit quot de saarlandes,positive
33,proceeding workshop,positive
34,uni hamburg de,positive
35,in fall i introduced new course called applied natural language processing student acquire understanding text analysis technique currently feasible practical application,positive
36,workshop program,neutral
37,sri developed new architecture integrating speech natural language processing applies linguistic constraint recognition incrementally expanding state transition network embodied unification grammar we compare dynamic gralnlnar network dgn approach,positive
38,this chapter considers revolution taken place natural language processing research last five year it begin providing brief guide structure field present caricature two competing paradigm nlp research indicates reason wh,positive
39,visual development environment support visual assembly execution analysis modular natural language processing system the visual model executable data flow program graph automatically synthesised data dependency declaration language processing module the graph th,positive
40,in chapter basic us description logic natural language processing analysed together little bit history role description logic current state art computational linguistics pointed introduction since early day,neutral
41,we applied structure learning model max margin structure mm natural language processing nlp task aim capture latent relationship within output language domain we formulate model extension multi class support vector machine svm present per,positive
42,vast quantity text becoming available elec tronic form ranging published document e g electronic dictionary encyclopedia library archive information retrieval service private database e g marketing information legal record medical history per,positive
43,over last year number area natural language processing begun applying graph based technique these include among others text summarization syntactic parsing word sense disambiguation ontology construction sentiment subjectivity analysis text clustering in pa,positive
44,in natural language processing nlp research result software engineering software technology often neglected,negative
45,kernelized sorting approach matching object two source domain require prior notion similarity object across two source unfortunately technique highly sensitive initialization high dimensional data we present variant kern,positive
46,natural language complex compound organization structure basic linguistic element represent various meaning therefore understand nature natural language need sophisticated treatment basic element well insight element,negative
47,in paper describe framework developing probabilistic classifier natural language processing our focus formulating model capture important interdependency among feature avoid overfitting data also characterizing data well the class pro,positive
48,many natural language processing nlp technique used information retrieval the result encouraging simple method stopwording porter style stemming etc usually yield significant improvement higher level processing chunking parsing word sense disambiguation e,positive
49,abstract this paper explains information retrieval using natural language processing malayalam language basic,positive
50,the research area plan recognition natural language parsing share many common feature even algorithm however dialog two discipline effective specifically significant recent result parsing mildly context sensitive grammar leveraged,neutral
51,the research area plan recognition natural language parsing share many common feature even algorithm however dialog two discipline effective specifically significant recent result parsing mildly context sensitive grammar leveraged,positive
52,information retrieval process finding document document collection satisfies information need user the document natural language construct motivation work investigate natural language processing used improve performa,positive
53,while computational logic become widely used representing reasoning linguistic knowledge cross fertilization logic programming machine learning given rise new discipline known inductive logic programming inspired building achievement,positive
54,what statistical method used natural language processing nlp in paper start definition nlp concerned design implementation effective natural language input output component computational system we distinguish three kind,positive
55,in report collaborative work field machine learning ml natural language processing nlp presented the document structured two part the first part includes superficial comprehensive survey covering state art machine learning techniq,neutral
56,abstract this thesis examines use machine learning technique various task natural language processing mainly task information extraction text the objective improvement adaptability information extraction system new thematic main even lang,positive
57,this chapter examines application natural language processing computerassisted language learning including history work field last thirtyfive year focus current development opportunity,positive
58,traditional approach tointerpretation natural language processing typically fall one three class syntax driven semantics driven frame task based syntax driven approach use domain independent grammar drive interpretation process produce global parse input,positive
59,natural language processing nlp large diverse subtopic artificial intelligence a result nlp many subtopics including optical character recognition text speech translator foreign language reading writing aid machine translation speech recognition w,positive
60,probabilistic finite state string transducer fsts extremely popular natural language processing due powerful generic method applying composing learning unfortunately fsts good fit much current work probabilistic modeling machine translati,positive
61,abstract in special issue tal look fundamental principle underlying evaluation natural language processing we adopt global point view go beyond horizon single evaluation campaign particular protocol after brief review history terminology,negative
62,,positive
63,natural language processing system nlp extract clinical information textual report shown effective limited domain particular application because nlp system typically requires substantial resource develop beneficial designed easily,positive
64,we propose bifurcated paradigm construction prolog knowl edge base body document first information extraction ie ap plication annotate corpus output annotated document second prolog knowledge base kb application transform th,positive
65,we describe single convolutional neural network architecture given sentence output host language processing prediction part speech tag chunk named entity tag semantic role semantically similar word likelihood sentence make sense grammatically sem,positive
66,we developed prototype information retrieval system us advanced natural language processing technique enhance effectiveness traditional key word based document retrieval the backbone system statistical retrieval engine performs automated indexing docum,positive
67,,positive
68,in paper discus several issue requirement enabling natural language processing system become context adaptive given fact emerging system feature speaker independent continuous speech recognition restricted individual domain equipped syntactic,positive
69,in fall i introduced new course called applied natural language processing student acquire understanding text analysis technique currently feasible practical application,positive
70,,positive
71,abstract natural language processing study mathematical computational modelling various aspect language improvement wide range system natural language language arises innate facility language possessed human intellect may,positive
72,natural language processing nlp branch artificial intelligence includes speech synthesis speech recognition machine translation natural language processing wide range application indian context most rural indian community unable make use th,neutral
73,an evaluation lolita related natural language processing system paul callaghan submitted university durham degree ph d august this research address question evaluate system like lolita lolita natural,positive
74,previous work demonstrated web count used approximate bigram count suggesting web based frequency useful wide variety natural language processing nlp task however limited number task far tested using web scale data set the pr,positive
75,this chapter examines application natural language processing computerassisted language learning including history work field last thirtyfive year focus current development opportunity introduction this chapter focus application,positive
76,this paper describes natural language system improves performance learning the system process short english narrative able acquire single narrative new schema stereotypical set action during understanding process system attempt,positive
77,we classify review current approach software infrastructure research development delivery nlp system the task,positive
78,confidence measure practical solution improving usefulness natural language processing application confidence estimation generic machine learning approach deriving confidence measure we give overview application confidence estimation various field n,positive
79,lex sign sense id sense id dictionary ldoce lex sign sense id sense id ldb entry lex sign sense id sense id sense when loaded lkb expanded fully fledged representation transitive use e,positive
80,we describe design use stanford corenlp toolkit extensible pipeline provides core natural lan guage analysis this toolkit quite widely used research nlp community also among commercial govern ment user open source nlp technol ogy we suggest,positive
81,gaussian process gps powerful mod elling framework incorporating kernel bayesian inference recognised state art many machine learning task,positive
82,a fundamental issue natural language processing prerequisite enormous quantity preprogrammed knowledge concerning language domain examination manual acquisition knowledge tedious error prone development automated acquisition process,negative
83,a general reusable computational resource de veloped within penman text generation project organizing domain knowledge appropriately linguistic realization this resource called upper model provides domain task independent classification system support,positive
84,kohonen aposs self organizing map som one popular artificial neural network algorithm word category map som organized according word similarity measured similarity short context word conceptually interrelated word tend fall,positive
85,this paper present workbench built priberam inform tica development company natural language processing technology this workbench includes set linguistic resource software tool applied considerable number practical purpose covering proofing,positive
86,abstract natural language processing nlp effective approach bringing improvement educational setting implementing nlp involves initiating process learning natural acquisition educational system it based effective approach providing solution f,positive
87,abstract after twenty year disfavor technology returned imitates process brain natural language experiment sejnowski rosenberg demonstrate neural network computing architecture learn actual spoken language observe rule pronunciation,negative
88,text statistic frequently used stylometry cryptography study in paper text statistic tool developed iso prolog natural language processing detail given usage user callable predicate logic limitation program also discussed,positive
89,we summarize experience using framenet two rather different project natural language processing nlp we conclude nlp benefit framenet different way sketch problem need overcome,positive
90,research natural language processing nlp recent year benefited enormous amount raw textual data available world wide web the presence standard search engine made data accessible computational linguist corpus size never existed befo,positive
91,natural language processing nlp program confronted various di culties processing html xml document potential produce better result linguistic information annotated source text wehave therefore developed linguistic annotation language lal,positive
92,introduction natural language processing appears surface strongly symbolic activity word symbol stand object concept real world put together sentence obey well specified grammar rule it surprise several decade na,positive
93,abstract diff software program detects difference two data set useful natural language processing this paper show several example application diff they include detection difference two different datasets extraction rewriting rule mer,positive
94,in paper present compare automatically generated title machine translated document using several different statistic based method a na bayesian k nearest neighbour tf idf erative expectation maximization method title gen eration applied origi,positive
95,bibliography,positive
96,applying natural language processing technique biomedical text potential aid curation become focus intensive research however developing integrated system address curator real world need studied le rigorously this paper address question,positive
97,example natural language chinese english italian they called natural evolved le natural way without many deliberate consideration this set apart formal language amongst programming language designed,positive
98,a number powerful modelling technique developed recent year compress natural language text the best adaptive model operating character word level able perform almost well human predicting text we show apply character based,positive
99,a semi automated approach design database enhanced erd notation presented it focus early stage database development stage user requirement analysis it supposed used requirement determination stage analysis the approa,positive
